﻿BDM ID,Mapping Context,Map Group Name,(Origin DS) Subject Area (custom),(Origin) Data Structure Name,(Origin) Data Element Name,Origin Type,(Destination) Data Structure Name,,(Destination) Data Element Name,Destination Type,Map Note(s),Comments,GDAO Comments,
,1002,,Deposit Account.Unique Account Number,Deposit,Deposit Account,Unique Account Number,Data Element,AGMT_IDENT,AGMT_ID,Data Element,AGMT.AGMT_ID WHERE AGMT.AGMT_TYP_CD='DEP_ACNT',Existing Mapping,,
,1002,,Deposit Account.Unique Account Number,Deposit,Deposit Account,Unique Account Number,Data Element,AGMT_IDENT,AGMT_IDENT_NUM,Data Element,,Existing Mapping,,
,1002,,Deposit Account.Unique Account Number,Deposit,Deposit Account,Unique Account Number,Data Element,AGMT_IDENT,AGMT_IDENT_TYP_CD,Data Element,.='UNQ_ACNT_NUM',Existing Mapping,,
,1001,,Loan Account.Unique Account Number,Loan Account,Loan Account,Unique Account Number,Data Element,AGMT_IDENT,AGMT_ID,Data Element,AGMT.AGMT_ID WHERE AGMT.AGMT_TYP_CD='LOAN_ACNT',Existing Mapping,,
,1001,,Loan Account.Unique Account Number,Loan Account,Loan Account,Unique Account Number,Data Element,AGMT_IDENT,AGMT_IDENT_NUM,Data Element,,Existing Mapping,,
,1001,,Loan Account.Unique Account Number,Loan Account,Loan Account,Unique Account Number,Data Element,AGMT_IDENT,AGMT_IDENT_TYP_CD,Data Element,.='UNQ_ACNT_NUM',Existing Mapping,,
,1003,,Nostro Account.Unique Account Number,Current Account,Nostro Account,Unique Account Number,Data Element,AGMT_IDENT,AGMT_ID,Data Element,AGMT.AGMT_ID WHERE AGMT.AGMT_TYP_CD='NOSTRO_ACNT',New Mapping,,
,1003,,Nostro Account.Unique Account Number,Current Account,Nostro Account,Unique Account Number,Data Element,AGMT_IDENT,AGMT_IDENT_NUM,Data Element,,New Mapping,,
,1003,,Nostro Account.Unique Account Number,Current Account,Nostro Account,Unique Account Number,Data Element,AGMT_IDENT,AGMT_IDENT_TYP_CD,Data Element,.='UNQ_ACNT_NUM',New Mapping,,
,7946,,Currency.ISO Alpha Code,Market Data,Currency,ISO Alpha Code,Data Element,CCY,CCY_ISO_4217_ALPHA_ID,Data Element,CLAS_VAL.CLAS_VAL_ID,Existing Mapping,,
,7946,,Currency.ISO Alpha Code,Market Data,Currency,ISO Alpha Code,Data Element,CLAS_VAL,CLAS_SCHM_CD,Data Element,.='ISO_CCD_ALPHA_CD',Existing Mapping,,
,7946,,Currency.ISO Alpha Code,Market Data,Currency,ISO Alpha Code,Data Element,CLAS_VAL,CLAS_VAL_CD,Data Element,,Existing Mapping,,
,11490,,.,,,,Data Element,AGMT,CCY_ID,Data Element,CCY.CCY_ID where REFD scheme is 'CCY_CD',Existing Mapping,,
,1006,,Account Limit.Utilised Limit Amount. Transaction Currency,Current Account,Account Limit,Utilised Limit Amount. Transaction Currency,Data Element,LMT_METRIC,LMT_ID,Data Element,WHERE LMT.LMT_TYP_CD='CR_LMT',Existing Mapping,,
,1006,,Account Limit.Utilised Limit Amount. Transaction Currency,Current Account,Account Limit,Utilised Limit Amount. Transaction Currency,Data Element,LMT_METRIC,LMT_METRIC_AMT,Data Element,,Existing Mapping,,
,1006,,Account Limit.Utilised Limit Amount. Transaction Currency,Current Account,Account Limit,Utilised Limit Amount. Transaction Currency,Data Element,LMT_METRIC,LMT_METRIC_TYP_CD,Data Element,.='UTLZ_LMT_AMT',Existing Mapping,,
,1006,,Account Limit.Utilised Limit Amount. Transaction Currency,Current Account,Account Limit,Utilised Limit Amount. Transaction Currency,Data Element,LMT_METRIC,METRIC_CTGY_CD,Data Element,AMT',Existing Mapping,,
,1006,,Account Limit.Utilised Limit Amount. Transaction Currency,Current Account,Account Limit,Utilised Limit Amount. Transaction Currency,Data Element,LMT_METRIC,CCY_ID,Data Element,CCY.CCY_ID,Existing Mapping,,
,1007,,Account Limit.Account Reference,Current Account,Account Limit,Account Reference,Data Element,AGMT_X_LMT,AGMT_ID,Data Element,WHERE AGMT.AGMT_TYP_CD='LOAN_ACNT',Existing Mapping with new mapping context,,
,1007,,Account Limit.Account Reference,Current Account,Account Limit,Account Reference,Data Element,AGMT_X_LMT,NATR_CD,Data Element,.-'HAS_ACNT_LMT',,,
,1007,,Account Limit.Account Reference,Current Account,Account Limit,Account Reference,Data Element,AGMT_X_LMT,LMT_ID,Data Element,LMT.LMT_ID WHERE LMT.LMT_TYP_CD='CR_LMT',,,
,1008,,Loan Account.Ledger Balance. Transaction Currency,Current Account,Loan Account,Ledger Balance. Transaction Currency,Data Element,AGMT_DLY_METRIC,LDGR_BAL_AMT,Data Element,,,,
,1008,,Loan Account.Ledger Balance. Transaction Currency,Current Account,Loan Account,Ledger Balance. Transaction Currency,Data Element,AGMT_DLY_METRIC,AGMT_ID,Data Element,AGMT.AGMT_ID where AGMT_TYP_CD='LOAN_ACNT',,,
,1008,,Loan Account.Ledger Balance. Transaction Currency,Current Account,Loan Account,Ledger Balance. Transaction Currency,Data Element,AGMT_DLY_METRIC,CCY_ID,Data Element,CCY.CCY_ID,,,
,1009,,Country.BOI Country Code,Market Data,Country,BOI Country Code,Data Element,GEO_AREA,EQVLN_REF_CD_ID,Data Element,CLAS_VAL.CLAS_VAL_ID,,,
,1009,,Country.BOI Country Code,Market Data,Country,BOI Country Code,Data Element,GEO_AREA,GEO_AREA_NAME,Data Element,CLAS_VAL_CLAS_VAL_LBL,,,
,1009,,Country.BOI Country Code,Market Data,Country,BOI Country Code,Data Element,GEO_AREA,GEO_AREA_DESC,Data Element,CLAS_VAL.CLAS_VAL_DESC,,,
,1009,,Country.BOI Country Code,Market Data,Country,BOI Country Code,Data Element,CLAS_VAL,CLAS_SCHM_CD,Data Element,.='STD_BOI_CTRY_CLAS',,,
,1009,,Country.BOI Country Code,Market Data,Country,BOI Country Code,Data Element,CLAS_VAL,CLAS_VAL_CD,Data Element,,,,
,1009,,Country.BOI Country Code,Market Data,Country,BOI Country Code,Data Element,GEO_AREA,GEO_AREA_ID,Data Element,LOCTR.LOCTR_ID,,,
,1009,,Country.BOI Country Code,Market Data,Country,BOI Country Code,Data Element,GEO_AREA,GEO_AREA_TYP_CD,Data Element,.='CTRY',,,
,1010,,Country of residence relationship.Party Reference,Party,Country of residence relationship,Party Reference,Data Element,PRTY_X_LOCTR,PRTY_ID,Data Element,PRTY.PRTY_ID,,,
,1011,,Country of residence relationship.Primary Residence Indicator,Party,Country of residence relationship,Primary Residence Indicator,Data Element,PRTY_X_LOCTR,NATR_CD,Data Element,.='HAS_PRMY_RSDN_OF',,,
,1012,,Country of residence relationship.Country Reference,Party,Country of residence relationship,Country Reference,Data Element,PRTY_X_LOCTR,LOCTR_ID,Data Element,LOCTR.LOCTR_ID,,,
,1012,,Country of residence relationship.Country Reference,Party,Country of residence relationship,Country Reference,Data Element,PRTY_X_LOCTR,LOCTR_TYP_CD,Data Element,.='GEO_AREA',,,
,1013,,Party to Account Relationship.Party Reference,Account Overall,Party to Account Relationship,Party Reference,Data Element,PRTY_X_AGMT,PRTY_ID,Data Element,PRTY.PRTY_ID,,,
,1014,,Party to Account Relationship.Party to Account Relationship Type,Account Overall,Party to Account Relationship,Party to Account Relationship Type,Data Element,PRTY_X_AGMT,NATR_CD,Data Element,.=IS_PRMY_ACNT_HLD_OF',,,
,1015,,Party to Account Relationship.Account Reference,Account Overall,Party to Account Relationship,Account Reference,Data Element,PRTY_X_AGMT,AGMT_ID,Data Element,"AGMT.AGMT_ID where AGMT_TYP_CD IN ('LOAN_ACNT', 'DEP_ACNT', 'NOSTRO_ACNT', 'VOSTRO_ACNT')",,,
,1016,,Default Event.Default Start Date,Assessment,Default Event,Default Start Date,Data Element,AGMT_X_CLAS_XREF,CLAS_VAL_DT,Data Element,WHERE NATR_CD='HAS_DOD_DFLT_IND_OF' AND CLAS SCHM_CD='DOD_DFLT_IND' AND CLAS_VAL.CLAS_VAL_CD='Y' AND AGMT_TYP_CD='DEP_ACNT,,,
,1017,,Default Event.Default Event Type Code,Assessment,Default Event,Default Event Type Code,Data Element,AGMT_X_CLAS_XREF,CLAS_SCHM_CD,Data Element,.='DOD_DFLT_IND',,,
,1018,,Account Default Relationship.Account Reference,Assessment,Account Default Relationship,Account Reference,Data Element,AGMT_X_CLAS_XREF,AGMT_ID,Data Element,AGMT.AGMT_ID WHERE AGMT_TYP_CD='DEP_ACNT',,,
,1019,,Account Default Relationship.Default Event Reference,Assessment,Account Default Relationship,Default Event Reference,Data Element,AGMT_X_CLAS_XREF,NATR_CD,Data Element,.='HAS_DOD_DFLT_IND_OF',,,
,1019,,Account Default Relationship.Default Event Reference,Assessment,Account Default Relationship,Default Event Reference,Data Element,AGMT_X_CLAS_XREF,CLAS_VAL_ID,Data Element,CLAS_VAL_.CLAS_VAL_ID WHERE CLAS_VAL.CLAS_VAL_CD indicates Yes,,,
,1016,,Default Event.Default Start Date,Assessment,Default Event,Default Start Date,Data Element,AGMT_X_CLAS_XREF,CLAS_VAL_DT,Data Element,WHERE NATR_CD='HAS_DOD_DFLT_IND_OF' AND CLAS SCHM_CD='DOD_DFLT_IND' AND CLAS_VAL.CLAS_VAL_CD='Y' AND AGMT_TYP_CD='DEP_ACNT,,,
,1017,,Default Event.Default Event Type Code,Assessment,Default Event,Default Event Type Code,Data Element,AGMT_X_CLAS_XREF,CLAS_SCHM_CD,Data Element,.='DOD_DFLT_IND',,,
,1020,,Derivative Trade Default Relationship.Derivative Trade Reference,Assessment,Derivative Trade Default Relationship,Derivative Trade Reference,Data Element,AGMT_X_CLAS_XREF,AGMT_ID,Data Element,AGMT.AGMT_ID WHERE AGMT_TYP_CD='FX_SWAP',,,
,1021,,Derivative Trade Default Relationship.Derivative Trade Default Relationship Type,Assessment,Derivative Trade Default Relationship,Derivative Trade Default Relationship Type,Data Element,AGMT_X_CLAS_XREF,NATR_CD,Data Element,.='HAS_DOD_DFLT_IND_OF',,,
,1022,,Derivative Trade Default Relationship.Default Event Reference,Assessment,Derivative Trade Default Relationship,Default Event Reference,Data Element,AGMT_X_CLAS_XREF,CLAS_VAL_ID,Data Element,CLAS_VAL_.CLAS_VAL_ID WHERE CLAS_VAL.CLAS_VAL_CD indicates Yes,,,
,1023,,Deposit Account.Account Status Code,Deposit,Deposit Account,Account Status Code,Data Element,AGMT_X_CLAS_XREF,AGMT_ID,Data Element,WHERE AGMT_TYP_CD='DEP_ACNT',,,
,1023,,Deposit Account.Account Status Code,Deposit,Deposit Account,Account Status Code,Data Element,AGMT_X_CLAS_XREF,NATR_CD,Data Element,.='HAS_ACNT_STS_CD_OF',Proposed New Nature Code,,
,1023,,Deposit Account.Account Status Code,Deposit,Deposit Account,Account Status Code,Data Element,AGMT_X_CLAS_XREF,CLAS_SCHM_CD,Data Element,.='ACNT_STS_CD',Proposed CLAS_SCHM_CD,,
,1023,,Deposit Account.Account Status Code,Deposit,Deposit Account,Account Status Code,Data Element,AGMT_X_CLAS_XREF,CLAS_VAL_ID,Data Element,CLAS_VAL.CLAS_VAL_ID,,,
,1023,,Deposit Account.Account Status Code,Deposit,Deposit Account,Account Status Code,Data Element,CLAS_VAL,CLAS_VAL_CD,Data Element,,,,
,,,.,,,,,,,,,,,
