﻿ID,Entity Name,Attribute Definition,Attribute Description,Attribute Specific Description,Attribute Values,Type,Attribute Group,References,Subject Area,Inherited,Composite,Status,Requirements,Last Changed,Changed By,Hop,Final SMR,Release Scope,Access Layer Only,Attribute Comments,Scope Comments
1100001,Account Default Relationship,Account Reference,Link to Account,Identifies the Account involved in the Default,,Reference,Model Reference,Account,Assessment,NO,REFERENCE,Validated,,01.01.1900 23:59,Super Admin,,,,NO,,
1100002,Account Default Relationship,Default Event Reference,Reference to the Default Event that caused the default of the referenced object,,,Reference,Model Reference,Default Event,Assessment,NO,REFERENCE,Validated,,01.01.1900 23:60,Super Admin,,,,NO,,
1100003,Basel III Customer Type Classification,Basel III Customer Type Classification Code,The short identifier by which the Basel III Classification  is known,,,Code,Identifier,,Party,NO,BASIC,Validated,,01.01.1900 23:61,Super Admin,3R,N,R1,NO,,
1100004,Country,Bank Country Code,"Short identifier for a Country, as defined by the Group",,,Code,Feature / Classification,,Market Data,NO,BASIC,Validated,,01.01.1900 23:62,Super Admin,3R,N,R1,NO,,
1100005,Country Of Residence Relationship,Country Reference,Link to Country,,,Reference,Model Reference,Country,Party,NO,REFERENCE,Validated,,01.01.1900 23:63,Super Admin,3+3H,Y,R1,NO,,
1100006,Country Of Residence Relationship,Party Reference,Link to party,,,Reference,Model Reference,Party,Party,NO,REFERENCE,Validated,,01.01.1900 23:64,Super Admin,3+3H,Y,R1,NO,,
1100007,Country Of Residence Relationship,Primary Residence Indicator,Primary residence country of party. Inherits the link to the related county,,Yes; No,Indicator,Feature / Classification,,Party,NO,BASIC,Validated,,01.01.1900 23:65,Super Admin,3+3H,Y,R1,NO,,
1100008,Default Event,Default Start Date,Date on which the default was triggered. This is not necessarily the date of entry of the default into the Default Data Base.,,,Date,Date / Lifecycle,,Assessment,NO,BASIC,Validated,,01.01.1900 23:66,Super Admin,,,,NO,,
1100009,Financed Asset,Asset Finance Agreement Reference,Link to Asset Finance Agreement for which Transaction happened,Link to Asset Finance Agreement to which Rental / Stocking Asset is attached.,,Reference,Model Reference,Asset Finance Agreement,Leasing Factoring,NO,REFERENCE,Validated,,01.01.1900 23:67,Super Admin,,,,NO,,
1100010,FX Option,Currency Reference,Link to Currency,Identifies the Currency in which any monetary amounts on the entity are denominated.,,Reference,Model Reference,Currency,Derivative,YES,REFERENCE,Validated,,01.01.1900 23:68,Super Admin,,,,NO,,
1100011,FX Option,Trade Maturity Date,The date when the Derivative Trade ceases to be effective. This is not the maturity date of any underlying of the derivative or instrument should such underlyings exist (there can be multiple against the one derivative) - that date would be tracked on the relevant entity for those underlyings. Derivative contracts can terminate before the maturity date if the detail of the contract allows it (e.g. an early termination or a break event),Also known as the Option Expiry or Expiration Date.,,Date,Date / Lifecycle,,Derivative,YES,BASIC,Validated,,01.01.1900 23:69,Super Admin,,,,NO,,
1100012,FX Option,Trade Value Date,The date when the derivative contract commences and becomes effective. All clauses of the derivative contract become active and any related activities for margins begin.,,,Date,Date / Lifecycle,,Derivative,YES,BASIC,Validated,,01.01.1900 23:70,Super Admin,,,,NO,,
1100013,FX Spot Rate,FX Spot Rate,The FX Spot Rate is defining the fixed Rate (on Fixing Date) at which two parties agree to buy one currency and sell another currency for settlement on the spot date (usually 2 days after trade date).,,,Rate,Result / Aggregate,,Market Data,NO,BASIC,Validated,,01.01.1900 23:71,Super Admin,3,Y,R1,NO,,
1100014,FX Swap,Trade Maturity Date,The date when the Derivative Trade ceases to be effective. This is not the maturity date of any underlying of the derivative or instrument should such underlyings exist (there can be multiple against the one derivative) - that date would be tracked on the relevant entity for those underlyings. Derivative contracts can terminate before the maturity date if the detail of the contract allows it (e.g. an early termination or a break event),,,Date,Date / Lifecycle,,Derivative,YES,BASIC,Validated,,01.01.1900 23:72,Super Admin,,,,NO,,
1100015,FX Swap,Trade Value Date,The date when the derivative contract commences and becomes effective. All clauses of the derivative contract become active and any related activities for margins begin.,,,Date,Date / Lifecycle,,Derivative,YES,BASIC,Validated,,01.01.1900 23:73,Super Admin,,,,NO,,
1100016,Guarantee Operational Organisation Unit Relationship,Guarantee Operational Organisation Unit Relationship Type,Identifies the nature of the relationship between the Guarantee and the Operational Organisation Unit.,,e.g. Is Managed By,Code,Feature / Classification,,Off Balance,NO,BASIC,Validated,,01.01.1900 23:74,Super Admin,,,,NO,,
1100017,Guarantee Operational Organisation Unit Relationship,Guarantee Reference,Link to Guarantee,,,Reference,Model Reference,Guarantee,Off Balance,NO,REFERENCE,For Validation,,01.01.1900 23:75,Super Admin,,,,NO,,
1100018,Guarantee Operational Organisation Unit Relationship,Operational Organisation Unit Reference,Link to Operational Organisation Unit,,,Reference,Model Reference,Operational Organisation Unit,Off Balance,NO,REFERENCE,For Validation,,01.01.1900 23:76,Super Admin,,,,NO,,
1100019,Leasing,Unique Account Number,"Unique account number across locations and systems. As source system account numbers might not be unique across systems, this attribute may be a combination of multiple fields, e.g. Account NSC Number and Account Number.",,,Identifier Num,Identifier,,Leasing Factoring,YES,BASIC,Validated,,01.01.1900 23:77,Super Admin,,,,NO,,
1100020,Loan Account,Account Currency Reference,The currency in which an account is booked and in which transactions on the account are posted.,,,Reference,Model Reference,Currency,Loan,YES,REFERENCE,Validated,,01.01.1900 23:78,Super Admin,,N,not in scope,NO,,
1100021,Loan Account,Account Status Code,Defines the current level of progress of the Account through a life cycle,,Application Approved; Account Pending Open; Account Active; Account Pending Close; Account Closed,Code,Feature / Classification,,Loan,YES,BASIC,For Validation,,01.01.1900 23:79,Super Admin,,,,NO,,
1100022,Loan Account,Bank Bank Default Indicator,"Indicates whether (Y) or not (N) the item is currently meeting the conditions for being in Default, as applied to the particular Product within Bank. These conditions may differ from DOD conditions.",,Yes; No,Indicator,Feature / Classification,,Loan,NO,BASIC,Validated,,01.01.1900 23:80,Super Admin,,,,NO,,
1100023,Loan Account,Credit Interest Accrual Amount.Transaction Currency,The outstanding Credit interest amount that has accrued but not yet been paid in transaction currency (e.g. EUR) at extract date.,,,Amount,Amount / Balance,,Loan,YES,COMPONENT,Validated,,01.01.1900 23:81,Super Admin,,N,not in scope,NO,,
1100024,Loan Account,DCE Non Performing Exposure NPE Indicator,"Indicates whether (Y) or not (N) the agreement is to be considered as being a EBA Non Performing Exposure (NPE) in the context of input to the Default Calculation Engine (DCE), as part of derivation for UTP 13 (Non Performing Forborne). This differs from the ""EBA Non Performing Exposure NPE Indicator"" used in the Financial and Statutory reporting. As the DCE is an input to the calculation of NPE and also takes outputs from this calculation a mechanism is required to break an infinite loop between the two which would result in an agreement remaining in Default forever. This Indicator is a component of that loop break, by treating any agreements that are due to exit NPE in the coming period as Performing to allow the DCE to perform an assessment to see if the agreement should remain in Default or return to Non Default.",,Yes; No,Indicator,Feature / Classification,,Loan,NO,BASIC,Validated,,01.01.1900 23:82,Super Admin,,,,NO,,
1100025,Loan Account,DOD Default Indicator,"Indicates whether (Y) or not (N) the item is currently meeting the conditions for a Default as specified by the Definition Of Default regulations. The conditions are:
(a) The relevant Unlikely To Pay UTP Indicator  is set to Y i.e. at least one UTP Category is assigned.
(b) The relevant Days Past Due Count is greater than the DOD Days Past Due Threshold",,Yes; No,Indicator,Feature / Classification,,Loan,NO,BASIC,Validated,,01.01.1900 23:83,Super Admin,,,,NO,,
1100026,Loan Account,Debit Interest Accrual Amount.Transaction Currency,The outstanding debit interest amount that has accrued but not yet been paid in transaction currency (e.g. EUR).,,,Amount,Amount / Balance,,Loan,NO,COMPONENT,Validated,,01.01.1900 23:84,Super Admin,,Y,not in scope,NO,,
1100027,Loan Account,Product Business Unit Reference,"Identifies the Product Business Unit to which an item is assigned. May also be known as ""Credit Area"" in some parts of the Bank.

In the case of a Product Application, it would be the Product Business Unit to which the prospective Account would be assigned.",,TMB (ROI Mortgages); PLUK (UK Mortgages); BBROI (Business Banking ROI); BBUK (Business Banking UK); CORP (Corporate); GMBIF (Bank Finance); PLROI (Consumer Banking); First Data (UK Loans); TSYS (UK/ROI Cards); NIIB (Northridge),Reference,Model Reference,Operational Organisation Unit,Loan,YES,REFERENCE,Validated,,01.01.1900 23:85,Super Admin,,,,NO,,
1100028,Loan Account,Unique Account Number,"Unique account number across locations and systems. As source system account numbers might not be unique across systems, this attribute may be a combination of multiple fields, e.g. Account NSC Number and Account Number.",,,Identifier Num,Identifier,,Loan,YES,BASIC,Validated,,01.01.1900 23:86,Super Admin,,?,not in scope,NO,,
1100029,Operational Organisation Unit,Operational Organisation Unit Code,The Operational Organisation Unit Code identifies a single Operational Organisation Unit with a code that is unique within a given Operational Organisation Unit Type.,,,Code,Identifier,,Organisational Structure,NO,BASIC,Validated,,01.01.1900 23:87,Super Admin,,N,R1.2,NO,,
1100030,Operational Organisation Unit,Operational Organisation Unit Type Code,"An Operational Organisation Unit Type groups connected sets of all Operational Organisation Unit classifications and their hierarchical dependencies. It defines the possible values for Operational Organisation Unit Code / Name / Description. (e.g. ROI Holding NSC, ROI Portfolio, UK Business Line, Source Ledger Profit Centre, SAP Profit Centre, Branch, Division Unit, Business Unit, Business Partner Type, Desk, Portfolio CMI etc.)",,"e.g. ROI Holding NSC, ROI Portfolio, UK Business Line, Source Ledger Profit Centre, SAP Profit Centre, Branch, Division Unit, Business Unit, Product Business Unit (aka Credit Area), Business Partner Type, Desk, Portfolio CMI etc.",Code,Feature / Classification,,Organisational Structure,NO,BASIC,Validated,,01.01.1900 23:88,Super Admin,,N,R1.2,NO,,
1100031,Party,Party Source ID Number,The Party Source ID is a unique identifier for a Party from a specific source system.,,,Identifier Num,Identifier,,Party,NO,BASIC,Validated,,01.01.1900 23:89,Super Admin,,N,not in scope,NO,,
1100032,Party To Account Relationship,Account Reference,Link to Account,,,Reference,Model Reference,Account,Account Overall,NO,REFERENCE,Validated,,01.01.1900 23:90,Super Admin,3,Y,R1,NO,,
1100033,Party To Account Relationship,Party Reference,Link to party,See Relationship Type for nature of the Customer relationship.,,Reference,Model Reference,Party,Account Overall,NO,REFERENCE,Validated,,01.01.1900 23:91,Super Admin,3,Y,R1,NO,,
1100034,Party To Account Relationship,Party To Account Relationship Type,Relationship Type captures the different roles a Party can have in the context of Accounts,,Account Holder; Primary Account Holder; Beneficial Owner; Intermediary,Code,Feature / Classification,,Account Overall,NO,BASIC,Validated,,01.01.1900 23:92,Super Admin,3,Y,R1,NO,,
1100035,Party To Regulatory Authority Relationship,Basel III Customer Type Classification Reference,Link to Basel III Customer Type Classification,The Basel III Customer Type for the given Party as calculated within the scope of the given Regulatory Authority,,Reference,Model Reference,Basel III Customer Type Classification,Party,NO,REFERENCE,Validated,,01.01.1900 23:93,Super Admin,,,,NO,,
1100036,Party To Regulatory Authority Relationship,Party Reference,Link to party,Identifies the Party involved in the relationship,,Reference,Model Reference,Party,Party,NO,REFERENCE,Validated,,01.01.1900 23:94,Super Admin,,,,NO,,
1100037,Party To Regulatory Authority Relationship,Regulatory Authority Reference,"Bank has regulatory reporting requirements to two authorities: For Irish entities and for the Group, the regulator is the Central Bank. In the UK, the regulator is the PRA.
The same regulatory split pertains to the operation of deposit guarantee schemes.",,,Reference,Model Reference,Regulatory Authority,Party,NO,REFERENCE,Validated,,01.01.1900 23:95,Super Admin,,,,NO,,
