﻿ID,Entity Name,Attribute Definition,Attribute Description,Attribute Specific Description,Attribute Values,Type, Attribute Group,References,Subject Area,Inherited,Composite,Status,Requirements,Last Changed,Changed by,Hop,Final SMR,Release Scope,Access Layer Only,Attribute Comments,Scope Comments
1001,Loan Account,Unique Account Number,"Unique account number across locations and systems. As source system account numbers might not be unique across source systems, this attribute may be a combination",,,Identifier Num,Identifier,,Loan,YES,BASIC,Validated,,,,,,,,,
1002,Deposit Account,Unique Account Number,"Unique account number across locations and systems. As source system account numbers might not be unique across source systems, this attribute may be a combination",,,Identifier Num,Identifier,,Deposit,YES,BASIC,Validated,,,,,,,,,
1003,Nostro Account,Unique Account Number,"Unique account number across locations and systems. As source system account numbers might not be unique across source systems, this attribute may be a combination",,,Identifier Num,Identifier,,Current Account,YES,BASIC,Validated,,,,,,,,,
1004,Account,Unique Account Number,"Unique account number across locations and systems. As source system account numbers might not be unique across source systems, this attribute may be a combination",,,Identifier Num,Identifier,,Account Overall,YES,BASIC,Validated,,,,,,,,,
1005,Loan Account,International Bank Account Number IBAN,The International Bank Account Number (IBAN) of the Account. AN IBAN is an international bank account identifier used to uniquely identify the account of a customer at a financial institution. This is the only permissible account identifier for SEPA payments. It is important to remember that IBAN is not a new account number but simply a new format for an existing account number which is recognised internationally.,,Irish Format us: Country (2 char); Check Digits (2 digits); Bank (4 char); Branch (6 digits); Account Number (8 digits). AN example of an Irish IBAN which contains an existing NSC and Account Number is IE64BOFI12345678912345,Identifier Num,Identifier,,Loan,YES,BASIC,Validated,,,,,,,,,
1006,Account Limit,Utilised Limit Amount. Transaction Currency,The amount that is used up by the customer on the limit amount in transaction currency.,,,Amount,,,Current Account,YES,COMPONENT,Validated,,,,,,,,,
1007,Account Limit,Account Reference,Link to Account,Identifies the Account to which the Limit applies.,,Reference,Model Reference,Account,Current Acount,NO,REFERENCE,Validated,,,,,,,,,
1008,Loan Account,Ledger Balance. Transaction Currency,"Ledger Balance is the balance on an account as it woul dappear on a statement to the customer as at the reporting date, being the sum of all transactions on the account since its opening date. Denominated in Transaction Currency.",,,Amount,Amount/ Balance,,Loan,YES,COMPONENT,Validated,,,,,,,,,
1009,Country,BOI Country Code,"Short identifier for a Country, as defined by the Group.",,,Code,Feature/ Classification,,Market Data,NO,BASIC,Validated,,,,,,,,,
1010,Country of residence relationship,Party Reference,Link to party.,,,Reference,Model Reference,Party,Party,NO,REFERENCE,Validated,,,,,,,,,
1011,Country of residence relationship,Primary Residence Indicator,Primary residence country of party. Inherits the link to the related country.,,Yes; No,Indicator,Feature/ Classification,,Party,NO,BASIC,Validated,,,,,,,,,
1012,Country of residence relationship,Country Reference,Link to country.,,,Reference,Model Reference,Country,Party,NO,REFERENCE,Validated,,,,,,,,,
1013,Party to Account Relationship,Party Reference,Link to party.,See Relationship Type for nature of the Customer Relationship.,,Reference,Model Reference,Party,Account Overall,NO,REFERENCE,Validated,,,,,,,,,
1014,Party to Account Relationship,Party to Account Relationship Type,Relationship Type captures the different roles a Part can have in the context of accounts,,Account Holder; Primary Account Holder; Beneficial Owner; Intermediaty,Code,Feature/ Classification,,Account Overall,NO,BASIC,Validated,,,,,,,,,
1015,Party to Account Relationship,Account Reference,Link to Account.,,,Reference,Model Reference,Account,Account Overall,NO,REFERENCE,Validated,,,,,,,,,
1016,Default Event,Default Start Date,Date on which the default was triggered. This is not necessarily the date of entry of the default into the Default Data Base.,,,Date,Date/ Lifestyle,,Assessment,NO,BASIC,Validated,,,,,,,,,
1017,Default Event,Default Event Type Code,Indicates the regime under which is deemed that the Default Event has occurred.,,"e.g. Definition of Default (DOD), Bank Default",Code,Feature/ Classification,,Assessment,NO,BASIC,Validated,,,,,,,,,
1018,Account Default Relationship,Account Reference,Link to Account.,Identifies the Account involved in the Default.,,Reference,Model Reference,Account,Assessment,NO,REFERENCE,Validated,,,,,,,,,
1019,Account Default Relationship,Default Event Reference,Reference to the Default Event that caused the defauly of the referenced object.,,,Reference,Model Reference,Default Event,Assessment,NO,REFERENCE,Validated,,,,,,,,,
1020,Derivative Trade Default Relationship,Derivative Trade Reference,Links to derivative trade.,,,Reference,Model Reference,Derivative Trade,Assessment,NO,REFERENCE,Validated,,,,,,,,,
1021,Derivative Trade Default Relationship,Derivative Trade Default Relationship Type,Identifies the nature of the relationship between a derivative trade and a default event.,,e.g Is Impacted By,Code,Feature/ Classification,,Assessment,NO,BASIC,Validated,,,,,,,,,
1022,Derivative Trade Default Relationship,Default Event Reference,Reference to the Default Event that caused the default of the referenced object.,,,Reference,Model Reference,Default Event,Assessment,NO,REFERENCE,Validated,,,,,,,,,
1023,Deposit Account,Account Status Code,Defines the current level of progress of the Accounting through a life cycle,,Application Approved; Account Pending Open; Account Active; Account Pending Close; Account Closed,Code,Feature/ Classification,,Deposit,YES,BASIC,For Validation,,,,,,,,,
1024,Party to Country Relationship,Party Reference,Link to party.,,,Reference,Model Reference,Country,Party,NO,REFERENCE,Validated,,,,,,,,,
1025,Party to Country Relationship,Party to Country Relationship Type,"Captures the nature of the relationship between a Party and a Country. Note that taxation, Residence, Citizenship, Nationality, Birth, Registration, Risk and Ultimate Risk are not covered here as dedicated Entities or Attributes exist to handle them.",,"e.g. Trades with, Has Business Interests in, Owns Property In, Is PEP In, Operates In",Code,Feature/ Classification,,Party,NO,BASIC,Validated,,,,,,,,,
1026,Party to Country Relationship,Country Reference,Link to country.,,,Reference,Model Reference,Country,Party,NO,REFERENCE,Validated,,,,,,,,,
1027,Party to Country Relationship,Credit Grade 7 Code,"Within Bank of Ireland, Creidt Grades are used in the day to day management of the business. In some cases, the PD model may be an input into the Credit Grade. There are 2 different Credit grades (7 point and 13 point credit Grade) used within different business units of the bank. This is the 7 point credit grade.",,1;2;3;4;5;6;7;[Blank],Code,Feature/ Classification,,Account Overall,NO,BASIC,Validated,,,,,,,,,
