﻿Functional Requirement Reference,Scope ID,Status,Data Requirement Name,Data Requirement Definition,Feature Grouping,Grain,Business Extracts,Source System (s),Calculation Rule (where applicable),Interface Rule (where applicable),EDW Architectural Component (s),Deposits,Nostros,Vostros,Loans ,Intercompany,FX Currency Accounts,FX Forwards,Comments
,Req_001,Ready to raise Backlog,Unique Account Number,"Unique account number across locations and systems. As source system account numbers might not be unique across systems, this attribute may be a combination of multiple fields.
This data is to be populated as external contract number.",Reporting,Account,,Source1,,Sourced,IDL/IAL/CAL,Y,Y,,Y,,,,
,Req_002,Ready to raise Backlog,Account Guarantee Eligible Indicator,Certain product types may be excluded from the guarantee schemes (e.g. structured products where the capital is not fully protected). Where a deposit account belongs to such a product category this attribute will be inherited at deposit account level from the product rule.,Liquidity,Account,,SourceSystem2,,,CAL,Y,Y,Y,Y,Y,Y,,
,Req_003,Descoped,Credit MI (CMI) Business Lines Leaf Nodes,Identifies the product business unit to which an account is assigned. This is the leaf node of the business unit hierarchy used for credit management reporting purposes.,S40 Cash Flow,Account,,SourceSystem3,,Sourced,IDL/IAL/CAL,Y,Y,Y,Y,Y,Y,,
,Req_004,Ready to raise Backlog,Product Group,"The group of products in which this guarantee is categorized. This is populated automatically depending on the Instrument type selected. See Product Group Code: 
Deposit Account has 'DEP'",Reporting,Account,,SourceSystem4,,,IDL/ IAL,Y,,,,,,,
,Req_005,Ready to raise Backlog,Object Currency,The currency in which an account is booked in and which transations on the account are posted. 3 character ISO code for the currency,Pos Class,Account,,SourceSystem5,,Sourced,IDL/IAL/CAL,Y,Y,Y,Y,,,,
,Req_006,Ready to raise Backlog,Utilization Amount,The amount of the limit that has been used up by the account holder in transaction currency.,Pos Class,Account,,SourceSystem6,,Sourced,IDL/IAL/CAL,,,,Y,,,,
,Req_007,Ready to raise Backlog,Inflow/ Outflow Indicator,"Inflow/ Outflow Indicator (I/O). The type of flow in relation to this item.
1- Inflow
2- Outflow
3- Liquid Asset
This indcator is based on the balance. Credit balance is an outflow. Debit balance is an inflow.",S40 Cashflow,Account,,SourceSystem7,,Sourced,IDL/ IAL,,,,Y,,,,
,Req_008,Ready to raise Backlog,Country of Residence,The country of primary residence against primary account holder (not risk entity). This is a two alphanumeric position standard ISO code 3166 of a country.,S40 Cash Flow,Account,,SourceSystem8,,Sourced,IDL/ CAL/ IAL,Y,Y,Y,Y,,,,
,Req_009,Ready to raise Backlog,Date of Default Event,The date of default of the most recent default event of the account/ trade (the exposure may have been in default previsouly at different dates). The Dat of Default should be based on the Definition of Default Regulation (DoD). In cases where the Date of Default is not available from DCE it should use source.,Pos Class,"Account
Derivative",,SourceSystem9,,Sourced,IDL/CAL/IAL,Y,,,,,Y,,
,Req_010,Ready to raise Backlog,Object Status,"Indicator showing the current exposure status on the account/trade. Possible values are:
00- Inactive/ Closed Account/ Trade
01- Active Account/ Trade
02- Offer

If a Contract Status=0 for SAP, it will appear on the SAP template for one month. The following month the account will not be populated as it includes all conditions that would cayse a record to no longer appear on the template, not just when the account/ trade closes.",S40Cashflow,Account,,Source10,,Reference Data,IDL/IAL/CAL,Y,,,,,,,
,Req_011,Ready to raise Backlog,Provision Status,Customers are graded for provisions according to their arrears status through the Asset Finance provisions status grading. The risk grading commences at 2.1 (never defaulted) to 7 (write off). The reported grade ranges from 2 to 7.,Business Partner,Party,,Source11,,Sourced,IDL/IAL/CAL,,,,,,,,
,,,,,,,,,,,,,,,,,,,
