﻿BRD Reference,Scope ID,Status,Requirement Data Name,Data Definition,Feature Grouping,Grain,Business Extracts,Source,Calculation Rule (where applicable),IDL,CAL,Comments:,Existing Scope ID Flag (Y/N)
BRD_001_001,Req_1001,Draft,Customer Contract Number ,"The lease account is a unique contract number of the customer associated with the leased asset as held on the transaction system. It is used to associate the asset with the lease exposure, for example, a car.",Bank Feature 1,Grain: Leased Asset ,,Source System 1,,Y,,,
BRD_001_001,Req_1002,Draft,Unique Account Number ,"The unique account number is a unique account number across locations and systems. As source system account numbers might not be unique across systems, this attribute may be a combination of multiple fields.",Bank Feature 2,Grain - Loan Account,,Source System 1,,Y,,,
BRD_001_001,Req_1003,Draft,Customer Number,The transaction system holds a unique identifier for the primary account holder at client level. This identifier specifies the business partner to the customer,Bank Feature 2,Grain - Loan Account,,Source System 1,,Y,,,
BRD_001_001,Req_1004,Draft,Customer Number,The transaction system holds a unique identifier for the primary account holder at client level. This identifier specifies the business partner to the customer,Bank Feature 2,Grain - Loan Account,,Source System 1,,Y,,,
BRD_001_001,Req_1005,Draft,Country of Residence,The country of primary residence for the primary account holder is represented by a two-alphanumeric position standard ISO code of a country.,Bank Feature 2,Grain - Loan Account,,Source System 1,,Y,,,
BRD_001_001,Req_2001,Draft,Loan Status,"Loan Status
This field displays the loan status for Loan Accounts and is generated by the system. However, we only require this field to be mapped for Open Loans i.e. loans with a Loan Status of 1 or 2. This will indicate that the loans are open
Loan Status values:
1  OPEN/ACTIVE
2  OPEN/INACTIVE
5  CLOSED BY SYSTEM",Bank Feature 3,Grain - Loan Account,,Source System 1,,Y,,,
BRD_001_001,Req_2002,Draft,Cost_Centre,"Cost centre - Cost Centre for the Guarantee
This will be always one of the following:
ABC - US MID MKT ORIG
DEF - US CHALLENGED
GHI - US LARGE CAP ORIG",Bank Feature 3,Cost Centre,,Source System 2,,Y,,,
BRD_001_001,Req_2003,Draft,Exchange Rate for Trade,This applies to Trade Contract.,Bank Feature 4,Cost Centre,,Source System 2,,Y,Y,,
BRD_001_001,Req_2004,Draft,Contract Start Date,"Contract Start Date is the date the trade or transaction actually happens. It may not be the same date that the trade is booked an a system, as it could mean a forward starting date for products that are on a T+1/2 basis, e.g. Bonds.  

It is the date the trade or transaction starts on the balance sheet.",Bank Feature 4,Grain - Loan Account,,Source System 2,,Y,Y,,
BRD_001_001,Req_2005,Draft,Contract Maturity Date,"The Contract Maturity Date is the date on which the principal balance of a loan, debt instrument or other financial security is due and payable to the holder. For foreign exchange, this is the date where purchases and sales are settled.",Bank Feature 4,Grain - Loan Account,,Source System 2,,Y,Y,,
BRD_001_001,Req_2006,Draft,Contract Maturity Date,"The Contract Maturity Date is the date on which the principal balance of a loan, debt instrument or other financial security is due and payable to the holder. For foreign exchange, this is the date where purchases and sales are settled.",Bank Feature 4,Grain - Loan Account,,Source System 2,,,Y,,
BRD_001_001,Req_3001,Draft,"Interest accrued	",The interest amount that has accrued but not yet been paid / received  or capitalised in transaction currency (e.g. EUR).(Debit & Credit),Bank Feature 5,,,Source System 2,,Y,Y,,
BRD_001_001,Req_3002,Draft,Currency ,The currency in which an account is booked in and which transactions on the account are posted. 3 character ISO code for the currency,Bank Feature 5,,,Source System 2,,Y,,,
BRD_001_001,Req_3003,Draft,Default Flag,"A flag which indicates when an account is in default.

Y = Default

N = Not in Default

The Date of Default should be based on the Definition of Default regulation (DoD).
In cases where the Date of Default is not available from DCE it should use source.",Bank Feature 6,,,Source System 2,,Y,Y,,
BRD_001_001,Req_3004,Draft,Default Flag Date ,"The date on which reflects an account has gone into default.

The Date of Default should be based on the Definition of Default regulation (DoD).
In cases where the Date of Default is not available from DCE it should use source.",Bank Feature 6,,,Source System 2,,Y,Y,,
BRD_001_016,Req_3005,Draft,Customer Type,"This is a summary classification of the type of account holder based on the standard Basel III regulatory reporting framework

The possible values are:
A     = MFI (Microcredit Finance Institution)- Affiliate
B      = MFI (Microcredit Finance Institution) – Other Bank
C      = MFI (Microcredit Finance Institution) – National Bank
D   = European Central Bank and Other Central Banks
E   = Central Government
F   = Other Government
G   = Non Government – Corporate
H   = Non Government – Retail
I   = Non Government - Affiliate",Bank Feature 7,,,Source System 2,,Y,Y,,
