﻿(Origin) Data Element Name,Origin Type,(Destination) Data Structure Name,Description,(Destination) Data Element Name,Description,Map Note(s),Comments,GDAO Comments
Unique Account Number,Data Element,AGMT_IDENT,Agreement Identity,AGMT_IDENT_NUM,agreement identity number,,,
Unique Account Number,Data Element,AGMT_IDENT,Agreement Identity,AGMT_IDENT_TYP_CD,agreement identity type code,.='UNQ_ACNT_NUM',,
Unique Account Number,Data Element,AGMT_IDENT,Agreement Identity,AGMT_ID,agreement id,AGMT.AGMT_ID where AGMT.AGMT_TYP_CD = 'LOAN_ACNT',,
Asset Finance Agreement Reference,Data Element,AGMT_X_RITM,Agreement requested item,AGMT_ID,agreement id,AGMT.AGMT_ID where AGMT.AGMT_TYP_CD = 'LOAN_ACNT',,
Asset Finance Agreement Reference,Data Element,AGMT_X_RITM,Agreement requested item,NATR_CD,nature code,.='HAS_FIN_AST_OF',Proposed New nature code,New NATR_CD
Asset Finance Agreement Reference,Data Element,AGMT_X_RITM,Agreement requested item,RITM_ID,requested item id,RTIM.RTIM_ID where  RITM_ROLE_CD = 'FIN_AST',Proposed New Role code,"New ROLE_CD

A Role Code is usually set by the purpose of the loading data stream rather than from actual source data"
Unique Account Number,Data Element,AGMT_IDENT,Agreement Identity,AGMT_ID,agreement id,AGMT.AGMT_ID WHERE AGMT.AGMT_TYP_CD = 'LOAN_ACNT',Already in the master file.,
Unique Account Number,Data Element,AGMT_IDENT,Agreement Identity,AGMT_IDENT_NUM,agreement identity number,,Already in the master file.,
Unique Account Number,Data Element,AGMT_IDENT,Agreement Identity,AGMT_IDENT_TYP_CD,agreement identity type code,.='UNQ_ACNT_NUM',Already in the master file.,
Party Source ID Number,Data Element,PRTY_IDENT,Party identity,PRTY_IDENT_NUM,party identity number,,"Exists in master file. 
Mapping context to be added",
Party Source ID Number,Data Element,PRTY_IDENT,Party identity,PRTY_IDENT_TYP_CD,party identity type code,.='PRTY_SRC_ID_NUM',"Exists in master file. 
Mapping context to be added",
Party Source ID Number,Data Element,PRTY_IDENT,Party identity,PRTY_ID,party id,PRTY.PRTY_ID ,"Exists in master file. 
Mapping context to be added",
Account Reference,Data Element,PRTY_X_AGMT,Party Agreement,AGMT_ID,agreement id,AGMT.AGMT_ID where AGMT.AGMT_TYP_CD in ['LOAN_ACNT'],Need to Add in Master File,"Moved to match SUBJ/NATR/OBJ ordering

"
Party Reference,Data Element,PRTY_X_AGMT,Party Agreement,PRTY_ID,party id,PRTY.PRTY_ID,Need to Add in Master File,
Party To Account Relationship Type,Data Element,PRTY_X_AGMT,Party Agreement,NATR_CD,nature code,.='IS_ACNT_HLD_OF',Need to Add in Master File,
Operational Organisation Unit Code,Data Element,CLAS_VAL,Classification value,CLAS_VAL_CD,classification value code,,"Mapping exists.
New Mapping context to be added",
Operational Organisation Unit Code,Data Element,CLAS_VAL,Classification value,CLAS_SCHM_CD,classification scheme code,.='COST_CTR',"Mapping exists.
New Mapping context to be added",
Operational Organisation Unit Type Code,Data Element,PRTY,Party,PRTY_TYP_CD,party type code,.='OPRT_ORG_UNIT_PRTY_TYP',"Mapping exists.
New Mapping context to be added",
Operational Organisation Unit Type Code,Data Element,PRTY,Party,PRTY_ROLE_TYP_CD,party role type code,.='COST_CTR_ROLE',"Mapping exists.
New Mapping context to be added",
Product Business Unit Reference,Data Element,PRTY_X_AGMT,Party Agreement,PRTY_ID,party id,PRTY.PRTY_ID WHERE PRTY.PRTY_ROLE_TYP_CD = 'PROD_BUS_UNIT_PRTY_ROLE',,
Product Business Unit Reference,Data Element,PRTY_X_AGMT,Party Agreement,NATR_CD,nature code,.='IS_PROD_BUS_UNIT_FOR',,
Product Business Unit Reference,Data Element,PRTY_X_AGMT,Party Agreement,AGMT_ID,agreement id,AGMT.AGMT_ID where AGMT.AGMT_TYP_CD = 'LOAN_ACNT',,
BOI Country Code,Data Element,CLAS_VAL,Classification value,CLAS_VAL_CD,classification value code,,Existing in Master File,
BOI Country Code,Data Element,CLAS_VAL,Classification value,CLAS_SCHM_CD,classification scheme code,.='STD_BOI_CTRY_CD_CLAS',Existing in Master File,
BOI Country Code,Data Element,GEO_AREA,Geographical area,EQVLN_REF_CD_ID,equivalent reference code id,CLAS_VAL.CLAS_VAL_ID,Existing in Master File,
BOI Country Code,Data Element,GEO_AREA,Geographical area,GEO_AREA_ID,geographical area id,LOCTR.LOCTR_ID WHERE LOCTR_TYP_CD='GEO_AREA',Existing in Master File,Moving mapping for readability
BOI Country Code,Data Element,GEO_AREA,Geographical area,GEO_AREA_TYP_CD,geographical area type code,.='CTRY',Existing in Master File,
BOI Country Code,Data Element,GEO_AREA,Geographical area,GEO_AREA_CD,geographical area code,,,Added for standardisation
Country Reference,Data Element,LOCTR,Locator,LOCTR_ID,locator id,GEO_AREA.GEO_AREA_ID ,Existing Mapping + new Mapping context,
Country Reference,Data Element,LOCTR,Locator,LOCTR_TYP_CD,locator type code,.='GEO_AREA',Existing Mapping + new Mapping context,
Country Reference,Data Element,PRTY_X_LOCTR,Party Locator,NATR_CD,nature code,.='HAS_PRMY_RSDN_OF',Existing Mapping + new Mapping context,
Country Reference,Data Element,GEO_AREA,Geographical area,GEO_AREA_TYP_CD,geographical area type code,.='CTRY',Existing Mapping + new Mapping context,
Country Reference,Data Element,GEO_AREA,Geographical area,GEO_AREA_CD,geographical area code,,Existing Mapping + new Mapping context,
Party Reference,Data Element,PRTY_X_LOCTR,Party Locator,NATR_CD,nature code,='HAS_RSDN_IN',Already exists in masterfile,
Party Reference,Data Element,PRTY_X_LOCTR,Party Locator,PRTY_ID,party id,PRTY.PRTY_ID,Already exists in masterfile,
Primary Residence Indicator,Data Element,PRTY_X_LOCTR,Party Locator,PRTY_ID,party id,PRTY.PRTY_ID WHERE PRTY_ROLE_TYP_CD= 'CUST_PRTY_ROLE'                                                                                            AND PRTY_SRC_TYP_CD='SRC_PRTY',Existing + New mapping context,
Primary Residence Indicator,Data Element,PRTY_X_LOCTR,Party Locator,NATR_CD,nature code,='HAS_PRMY_RSDN_OF',Existing + New mapping context,
Primary Residence Indicator,Data Element,PRTY_X_LOCTR,Party Locator,LOCTR_ID,locator id,LOCTR.LOCTR_ID,Existing + New mapping context,
Account Reference,Data Element,PRTY_X_AGMT,Party Agreement,AGMT_ID,agreement id,AGMT.AGMT_ID where AGMT.AGMT_TYP_CD in ['LOAN_ACNT'],Need to Add in Master File,"Moved to match SUBJ/NATR/OBJ ordering

"
Party Reference,Data Element,PRTY_X_AGMT,Party Agreement,PRTY_ID,party id,PRTY.PRTY_ID,Need to Add in Master File,
Party To Account Relationship Type,Data Element,PRTY_X_AGMT,Party Agreement,NATR_CD,nature code,.='IS_ACNT_HLD_OF',Need to Add in Master File,
Account Status Code,Data Element,AGMT_X_CLAS_XREF,Agreement classification reference,CLAS_VAL_ID,classification value id,CLAS_VAL.CLAS_VAL_ID,,
Account Status Code,Data Element,AGMT_X_CLAS_XREF,Agreement classification reference,CLAS_SCHM_CD,classification scheme code,.='ACNT_STS_CD',,
Account Status Code,Data Element,AGMT_X_CLAS_XREF,Agreement classification reference,NATR_CD,nature code,.='HAS_ACNT_STS_CD_OF',,
Account Status Code,Data Element,AGMT_X_CLAS_XREF,Agreement classification reference,AGMT_ID,agreement id,"AGMT.AGMT_ID where 
AGMT_TYP_CD ='LOAN_ACNT'",,
Account Status Code,Data Element,CLAS_VAL,Classification value,CLAS_VAL_CD,classification value code,,,
Operational Organisation Unit Code,Data Element,CLAS_VAL,Classification value,CLAS_VAL_CD,classification value code,,"Mapping exists.
New Mapping context to be added",
Operational Organisation Unit Code,Data Element,CLAS_VAL,Classification value,CLAS_SCHM_CD,classification scheme code,.='COST_CTR',"Mapping exists.
New Mapping context to be added",
Operational Organisation Unit Code,Data Element,PRTY,Party,EQVLN_REF_CD_ID               ,equivalent reference code id,CLAS_VAL.CLAS_VAL_ID,"Mapping exists.
New Mapping context to be added",
Operational Organisation Unit Type Code,Data Element,PRTY,Party,PRTY_TYP_CD,party type code,.='OPRT_ORG_UNIT_PRTY_TYP',"Mapping exists.
New Mapping context to be added",
Operational Organisation Unit Type Code,Data Element,PRTY,Party,PRTY_ROLE_TYP_CD,party role type code,.='BOI_DEPT',Indicating PRTY is acting as unit for Account origination Booking,
Guarantee Reference,Data Element,PRTY_X_AGMT,Party Agreement,AGMT_ID,agreement id,AGMT.AGMT_ID where AGMT_TYP_CD = 'GRNTEE',"Existing Mapping.
New Mapping context to be added",
Guarantee Operational Organisation Unit Relationship Type,Data Element,PRTY_X_AGMT,Party Agreement,NATR_CD,nature code,.='IS_COST_CTR_OF',Existing Mapping+ New Mapping Context,
Operational Organisation Unit Reference,Data Element,PRTY_X_AGMT,Party Agreement,PRTY_ID,party id,PRTY.PRTY_ID WHERE PRTY.PRTY_ROLE_TYP_CD = 'COST_CTR_ROLE',Existing Mapping+ New Mapping Context,
FX Spot Rate,Data Element,CCY_FX_RATE,Currency Forex Rate,SRC_TO_TRGT_CCY_RATE,source to target currency rate, ,Mapping Exists,
FX Spot Rate,Data Element,CCY_FX_RATE,Currency Forex Rate,FX_RATE_TYP_CD,forex rate type code,.= 'SPOT_RATE',Mapping Exists,
Currency Reference,Data Element,AGMT,Agreement,CCY_ID,currency id,CCY.CCY_ID where AGMT.AGMT_TYP_CD = 'FX_OPTN' and REFD scheme is 'CCY_CD',,
Trade Value Date,Data Element,AGMT_METRIC,Agreement Metric,AGMT_ID,agreement id,where AGMT.AGMT_TYP_CD = 'FX_SWAP',,
Trade Value Date,Data Element,AGMT_METRIC,Agreement Metric,AGMT_METRIC_DT,agreement metric date,,,
Trade Value Date,Data Element,AGMT_METRIC,Agreement Metric,AGMT_METRIC_TYP_CD,agreement metric type code,.='TRAD_VAL_DT',,
Trade Value Date,Data Element,AGMT_METRIC,Agreement Metric,METRIC_CTGY_CD,metric category code,.='DT',,
Trade Value Date,Data Element,AGMT_METRIC,Agreement Metric,AGMT_ID,agreement id,where AGMT.AGMT_TYP_CD = 'FX_OPTN',,
Trade Value Date,Data Element,AGMT_METRIC,Agreement Metric,AGMT_METRIC_DT,agreement metric date,,,
Trade Value Date,Data Element,AGMT_METRIC,Agreement Metric,AGMT_METRIC_TYP_CD,agreement metric type code,.='TRAD_VAL_DT',,
Trade Value Date,Data Element,AGMT_METRIC,Agreement Metric,METRIC_CTGY_CD,metric category code,.='DT',,
Trade Maturity Date,Data Element,AGMT_METRIC,Agreement Metric,AGMT_ID,agreement id,where AGMT.AGMT_TYP_CD = 'FX_SWAP',,
Trade Maturity Date,Data Element,AGMT_METRIC,Agreement Metric,AGMT_METRIC_DT,agreement metric date,,,
Trade Maturity Date,Data Element,AGMT_METRIC,Agreement Metric,AGMT_METRIC_TYP_CD,agreement metric type code,.='TRAD_MTRTY_DT',,
Trade Maturity Date,Data Element,AGMT_METRIC,Agreement Metric,METRIC_CTGY_CD,metric category code,.='DT',,
Trade Maturity Date,Data Element,AGMT_METRIC,Agreement Metric,AGMT_ID,agreement id,where AGMT.AGMT_TYP_CD = 'FX_OPTN',,
Trade Maturity Date,Data Element,AGMT_METRIC,Agreement Metric,AGMT_METRIC_DT,agreement metric date,,,
Trade Maturity Date,Data Element,AGMT_METRIC,Agreement Metric,AGMT_METRIC_TYP_CD,agreement metric type code,.='TRAD_MTRTY_DT',,
Trade Maturity Date,Data Element,AGMT_METRIC,Agreement Metric,METRIC_CTGY_CD,metric category code,.='DT',,
Credit Interest Accrual Amount.Transaction Currency,Data Element,AGMT_DLY_METRIC,Agreement Daily Metric,CR_INT_ACRU_AMT,Credit interest accrual amount,,already exists in master file adding mapping context,
Credit Interest Accrual Amount.Transaction Currency,Data Element,AGMT_DLY_METRIC,Agreement Daily Metric,AGMT_ID,agreement id,=AGMT.AGMT_ID Where AGMT_TYP_CD = 'LOAN_ACNT',already exists in master file adding mapping context,Moved for Mapping order consistency
Credit Interest Accrual Amount.Transaction Currency,Data Element,AGMT_DLY_METRIC,Agreement Daily Metric,CCY_ID,currency id,This should be the CCY_ID of the currency corresponding to the currency of the account. ,already exists in master file adding mapping context,
Debit Interest Accrual Amount.Transaction Currency,Data Element,AGMT_DLY_METRIC,Agreement Daily Metric,DR_INT_ACRU_AMT,debit interest accrual amount,,already exists in master file adding mapping context,
Debit Interest Accrual Amount.Transaction Currency,Data Element,AGMT_DLY_METRIC,Agreement Daily Metric,AGMT_ID,agreement id,AGMT.AGMT_ID where AGMT.AGMT_TYP_CD = 'LOAN_ACNT',already exists in master file adding mapping context,
Debit Interest Accrual Amount.Transaction Currency,Data Element,AGMT_DLY_METRIC,Agreement Daily Metric,CCY_ID,currency id,CCY.CCY_ID where REFD scheme is 'CCY_CD',already exists in master file adding mapping context,
DCE Non Performing Exposure NPE Indicator,Data Element,AGMT_X_CLAS_XREF,Agreement classification reference,AGMT_ID,agreement id,AGMT.AGMT_ID where AGMT.AGMT_TYP_CD = 'LOAN_ACNT',New Mapping,Moving Mapping to align to SUBJ/NATR/OBJ
DCE Non Performing Exposure NPE Indicator,Data Element,AGMT_X_CLAS_XREF,Agreement classification reference,NATR_CD,nature code,.='HAS_DCE_NPE_IND_OF',New Mapping,"New NATR_CD

DCE and EBA are separate Frameworks, so we've removed ""EBA"" from the proposals for these cases.

Moving Mapping to align to SUBJ/NATR/OBJ"
DCE Non Performing Exposure NPE Indicator,Data Element,AGMT_X_CLAS_XREF,Agreement classification reference,CLAS_SCHM_CD,classification scheme code,.='DCE_NPE_IND',New Mapping,New SCHM
DCE Non Performing Exposure NPE Indicator,Data Element,AGMT_X_CLAS_XREF,Agreement classification reference,CLAS_VAL_ID,classification value id,CLAS_VAL.CLAS_VAL_ID,New Mapping,Moving Mapping to align to SUBJ/NATR/OBJ
DCE Non Performing Exposure NPE Indicator,Data Element,CLAS_VAL,Classification value,CLAS_VAL_CD,classification value code,,New Mapping,Moving Mapping to align to SUBJ/NATR/OBJ
Account Currency Reference,Data Element,AGMT,Agreement,CCY_ID,currency id,"CCY.CCY_ID 
and 
AGMT.AGMT_TYP_CD = 'LOAN_ACNT'",,
DOD Default Indicator,Data Element,AGMT_X_CLAS_XREF,Agreement classification reference,AGMT_ID,agreement id,AGMT.AGMT_ID where AGMT.AGMT_TYP_CD = 'LOAN_ACNT',,
DOD Default Indicator,Data Element,AGMT_X_CLAS_XREF,Agreement classification reference,CLAS_SCHM_CD,classification scheme code,.='DOD_DFLT_IND',,
DOD Default Indicator,Data Element,AGMT_X_CLAS_XREF,Agreement classification reference,CLAS_VAL_ID,classification value id,CLAS_VAL.CLAS_VAL_ID,,
DOD Default Indicator,Data Element,AGMT_X_CLAS_XREF,Agreement classification reference,NATR_CD,nature code,.='HAS_DOD_DFLT_IND_OF',,
DOD Default Indicator,Data Element,CLAS_VAL,Classification value,CLAS_VAL_CD,classification value code,,,
BOI Bank Default Indicator,Data Element,AGMT_X_CLAS_XREF,Agreement classification reference,AGMT_ID,Agreement ID,AGMT.AGMT_ID where AGMT.AGMT_TYP_CD = 'LOAN_ACNT',,
BOI Bank Default Indicator,Data Element,AGMT_X_CLAS_XREF,Agreement classification reference,NATR_CD,nature code,.='HAS_BANK_DFLT_IND_OF',,Moving Mapping to align to SUBJ/NATR/OBJ
BOI Bank Default Indicator,Data Element,AGMT_X_CLAS_XREF,Agreement classification reference,CLAS_SCHM_CD,classification scheme code,.='BANK_DFLT_IND',,
BOI Bank Default Indicator,Data Element,AGMT_X_CLAS_XREF,Agreement classification reference,CLAS_VAL_ID,classification value id,CLAS_VAL.CLAS_VAL_ID,,
BOI Bank Default Indicator,Data Element,CLAS_VAL,Classification value,CLAS_VAL_CD,classification value code,,,
Default Start Date,Data Element,AGMT_X_CLAS_XREF,Agreement classification reference,CLAS_VAL_DT,Classification value date,"Where NATR_CD = HAS_DOD_DFLT_IND_OF and CLAS_SCHM_CD = 'DOD_DFLT_IND' and CLAS_VAL.CLAS_VAL_CD = 'Y' and AGMT.AGMT_ID WHERE AGMT_TYP_CD IN ('LOAN_ACNT','CUR_ACNT','CR_CRD_ACNT','CR_FAC','PRMSSN_GRP_CHRG_ACNT')",New Mapping,"DOD Default Indicator

Moved mapping for readability"
Account Reference,Data Element,AGMT_X_CLAS_XREF,Agreement classification reference,AGMT_ID,Agreement ID,"AGMT.AGMT_ID WHERE AGMT.AGMT_TYP_CD IN ('LOAN_ACNT','CUR_ACNT','CR_CRD_ACNT')",New Mapping,
Default Event Reference,Data Element,AGMT_X_CLAS_XREF,Agreement classification reference,NATR_CD,nature code,.='HAS_DOD_DFLT_RSN_CD_OF',New Mapping,
Default Event Reference,Data Element,AGMT_X_CLAS_XREF,Agreement classification reference,CLAS_VAL_ID,classification value id,CALS_VAL.CLAS_VAL_ID WHERE CLAS_SCHM_CD = 'DOD_DFLT_RSN_CD',New Mapping,
Basel III Customer Type Classification Code,Data Structure,CLAS_VAL,Classification value,CLAS_VAL_CD,classification value code,,Already in the Master file,
Basel III Customer Type Classification Code,Data Structure,CLAS_VAL,Classification value,CLAS_SCHM_CD,Classification scheme code,.='BASEL_III_CUST_TYP',Already in the Master file,
Basel III Customer Type Classification Reference,Data Element,PRTY_X_REG_AUTH_PRPTY,Party regulatory authorised property,PRPTY_CLAS_VAL_ID,Property classification value ID,"CLAS_VAL.CLAS_VAL_ID WHERE 
CLAS_SCHM_CD = 'BASEL_III_CUST_TYP'",Already in the Master file,
Basel III Customer Type Classification Reference,Data Element,PRTY_X_REG_AUTH_PRPTY,Party regulatory authorised property,PRTY_X_REG_AUTH_PRPTY_TYP_CD,Party regulatory authority property type code,.='BASEL_III_CUST_TYP',Already in the Master file,
Basel III Customer Type Classification Reference,Data Element,PRTY_X_REG_AUTH_PRPTY,Party regulatory authorised property,PRPTY_CTGY_CD,Property category code,.='REF',Already in the Master file,
Party Reference,Data Element,PRTY_X_REG_AUTH_PRPTY,Party regulatory authorised property,PRTY_ID,Party ID,"PRTY.PRTY_ID where
 PRTY.PRTY_SRC_TYP_CD = 'HARMO_PRTY' ","Already in the Master file
This is to be populated in Hop 3.5",
Regulatory Authority Reference,Data Element,PRTY_X_REG_AUTH_PRPTY,Party regulatory authorised property,REG_AUTH_ID,Regulating Authority ID,CLAS_VAL.CLAS_VAL_ID WHERE CLAS_SCHM_CD='REG_AUTH_TYP_CD',"Already in the Master file
New Mapping Context to be added
This is to be populated in Hop 3.5",
Account Reference,Data Element,PRTY_X_AGMT,Party Agreement,AGMT_ID,Agreement ID,AGMT.AGMT_ID where AGMT.AGMT_TYP_CD in ['LOAN_ACNT'],Need to Add in Master File,"Moved to match SUBJ/NATR/OBJ ordering

"
Party Reference,Data Element,PRTY_X_AGMT,Party Agreement,PRTY_ID,Party ID,PRTY.PRTY_ID,Need to Add in Master File,
Party To Account Relationship Type,Data Element,PRTY_X_AGMT,Party Agreement,NATR_CD,Nature code,.='IS_ACNT_HLD_OF',Need to Add in Master File,
